,Odds,Winning Team,Losing Team,Date,Winning Pitcher
,189,Atlanta Braves,San Francisco Giants,2023-08-18,Spencer Strider
,151,Kansas City Royals,Chicago Cubs,2023-08-18,Cole Ragans
,103,Detroit Tigers,Cleveland Guardians,2023-08-18,Tarik Skubal
,128,Seattle Mariners,Houston Astros,2023-08-18,Bryce Miller
,-107,Los Angeles Angels,Tampa Bay Rays,2023-08-18,Tyler Anderson
,191,Minnesota Twins,Pittsburgh Pirates,2023-08-18,Pablo Lopez
,149,San Diego Padres,Arizona Diamondbacks,2023-08-18,Seth Lugo
,103,Milwaukee Brewers,Texas Rangers,2023-08-18,Brandon Woodruff
,-197,Washington Nationals,Philadelphia Phillies,2023-08-18,Joan Adon
